"slug","category","brand","product","grade","sheet_size","thickness","known_min_per_sqft","known_max_per_sqft","RATE_PER_SQFT_HERE"
"russian-birch-ply-baltic-birch-plywood-bb-bb","Birch Plywood","Russian Birch Ply","Baltic Birch Plywood","BB/BB","8×4 ft (2440×1220mm)","6mm","96","180",""
"russian-birch-ply-baltic-birch-plywood-bb-bb","Birch Plywood","Russian Birch Ply","Baltic Birch Plywood","BB/BB","8×4 ft (2440×1220mm)","9mm","96","180",""
"russian-birch-ply-baltic-birch-plywood-bb-bb","Birch Plywood","Russian Birch Ply","Baltic Birch Plywood","BB/BB","8×4 ft (2440×1220mm)","12mm","96","180",""
"russian-birch-ply-baltic-birch-plywood-bb-bb","Birch Plywood","Russian Birch Ply","Baltic Birch Plywood","BB/BB","8×4 ft (2440×1220mm)","16mm","96","180",""
"russian-birch-ply-baltic-birch-plywood-bb-bb","Birch Plywood","Russian Birch Ply","Baltic Birch Plywood","BB/BB","8×4 ft (2440×1220mm)","18mm","96","180",""
"propperly-blockboard","Blockboard","EightByFour","Blockboard","","","16mm","78","145",""
"propperly-blockboard","Blockboard","EightByFour","Blockboard","","","18mm","78","145",""
"propperly-blockboard","Blockboard","EightByFour","Blockboard","","","25mm","78","145",""
"century-cenboil-plus-marine-grade-bwp","Boil Boards","Century","Cenboil Plus","BWP","8×4 ft (2440×1220mm)","8mm","","",""
"century-cenboil-plus-marine-grade-bwp","Boil Boards","Century","Cenboil Plus","BWP","8×4 ft (2440×1220mm)","12mm","","",""
"century-cenboil-plus-marine-grade-bwp","Boil Boards","Century","Cenboil Plus","BWP","8×4 ft (2440×1220mm)","16.75mm","","",""
"century-cenboil-plus-marine-grade-bwp","Boil Boards","Century","Cenboil Plus","BWP","8×4 ft (2440×1220mm)","18mm","","",""
"green-panel-boilblack-bwp-hdf-bwp-grade","Boil Boards","Green Panel","BoilBLACK BWP HDF","BWP","8×4 ft (2440×1220mm)","12mm","104","151",""
"green-panel-boilblack-bwp-hdf-bwp-grade","Boil Boards","Green Panel","BoilBLACK BWP HDF","BWP","8×4 ft (2440×1220mm)","18mm","104","151",""
"century-premium-plus-lower-emission-premium-hdf","MDF and HDHMR","Century","Premium Plus (Lower Emission)","Premium HDF","8×4 ft (2440×1220mm)","3mm","15","121",""
"century-premium-plus-lower-emission-premium-hdf","MDF and HDHMR","Century","Premium Plus (Lower Emission)","Premium HDF","8×4 ft (2440×1220mm)","5.5mm","15","121",""
"century-premium-plus-lower-emission-premium-hdf","MDF and HDHMR","Century","Premium Plus (Lower Emission)","Premium HDF","8×4 ft (2440×1220mm)","7.5mm","15","121",""
"century-premium-plus-lower-emission-premium-hdf","MDF and HDHMR","Century","Premium Plus (Lower Emission)","Premium HDF","8×4 ft (2440×1220mm)","8mm","15","121",""
"century-premium-plus-lower-emission-premium-hdf","MDF and HDHMR","Century","Premium Plus (Lower Emission)","Premium HDF","8×4 ft (2440×1220mm)","11mm","15","121",""
"century-premium-plus-lower-emission-premium-hdf","MDF and HDHMR","Century","Premium Plus (Lower Emission)","Premium HDF","8×4 ft (2440×1220mm)","12mm","15","121",""
"century-premium-plus-lower-emission-premium-hdf","MDF and HDHMR","Century","Premium Plus (Lower Emission)","Premium HDF","8×4 ft (2440×1220mm)","16mm","15","121",""
"century-premium-plus-lower-emission-premium-hdf","MDF and HDHMR","Century","Premium Plus (Lower Emission)","Premium HDF","8×4 ft (2440×1220mm)","16.75mm","15","121",""
"century-premium-plus-lower-emission-premium-hdf","MDF and HDHMR","Century","Premium Plus (Lower Emission)","Premium HDF","8×4 ft (2440×1220mm)","18mm","15","121",""
"century-premium-plus-lower-emission-premium-hdf","MDF and HDHMR","Century","Premium Plus (Lower Emission)","Premium HDF","8×4 ft (2440×1220mm)","25mm","15","121",""
"green-panel-exterior-mdf-mr-grade-mr-grade","MDF and HDHMR","Green Panel","Exterior MDF (MR Grade)","MR","8×4 ft (2440×1220mm)","2.7mm","11","66",""
"green-panel-exterior-mdf-mr-grade-mr-grade","MDF and HDHMR","Green Panel","Exterior MDF (MR Grade)","MR","8×4 ft (2440×1220mm)","3.3mm","11","66",""
"green-panel-exterior-mdf-mr-grade-mr-grade","MDF and HDHMR","Green Panel","Exterior MDF (MR Grade)","MR","8×4 ft (2440×1220mm)","5.5mm","11","66",""
"green-panel-exterior-mdf-mr-grade-mr-grade","MDF and HDHMR","Green Panel","Exterior MDF (MR Grade)","MR","8×4 ft (2440×1220mm)","7.3mm","11","66",""
"green-panel-exterior-mdf-mr-grade-mr-grade","MDF and HDHMR","Green Panel","Exterior MDF (MR Grade)","MR","8×4 ft (2440×1220mm)","11mm","11","66",""
"green-panel-exterior-mdf-mr-grade-mr-grade","MDF and HDHMR","Green Panel","Exterior MDF (MR Grade)","MR","8×4 ft (2440×1220mm)","17mm","11","66",""
"green-panel-exterior-mdf-mr-grade-mr-grade","MDF and HDHMR","Green Panel","Exterior MDF (MR Grade)","MR","8×4 ft (2440×1220mm)","18mm","11","66",""
"green-panel-exterior-mdf-mr-grade-mr-grade","MDF and HDHMR","Green Panel","Exterior MDF (MR Grade)","MR","8×4 ft (2440×1220mm)","25mm","11","66",""
"green-panel-hdwr-high-density-water-resistant-hmr-gp-grade","MDF and HDHMR","Green Panel","HDWR (High Density Water Resistant)","HMR-GP","8×4 ft (2440×1220mm)","3mm","15","80",""
"green-panel-hdwr-high-density-water-resistant-hmr-gp-grade","MDF and HDHMR","Green Panel","HDWR (High Density Water Resistant)","HMR-GP","8×4 ft (2440×1220mm)","3.3mm","15","80",""
"green-panel-hdwr-high-density-water-resistant-hmr-gp-grade","MDF and HDHMR","Green Panel","HDWR (High Density Water Resistant)","HMR-GP","8×4 ft (2440×1220mm)","5.5mm","15","80",""
"green-panel-hdwr-high-density-water-resistant-hmr-gp-grade","MDF and HDHMR","Green Panel","HDWR (High Density Water Resistant)","HMR-GP","8×4 ft (2440×1220mm)","7.5mm","15","80",""
"green-panel-hdwr-high-density-water-resistant-hmr-gp-grade","MDF and HDHMR","Green Panel","HDWR (High Density Water Resistant)","HMR-GP","8×4 ft (2440×1220mm)","11mm","15","80",""
"green-panel-hdwr-high-density-water-resistant-hmr-gp-grade","MDF and HDHMR","Green Panel","HDWR (High Density Water Resistant)","HMR-GP","8×4 ft (2440×1220mm)","16mm","15","80",""
"green-panel-hdwr-high-density-water-resistant-hmr-gp-grade","MDF and HDHMR","Green Panel","HDWR (High Density Water Resistant)","HMR-GP","8×4 ft (2440×1220mm)","16.75mm","15","80",""
"green-panel-hdwr-high-density-water-resistant-hmr-gp-grade","MDF and HDHMR","Green Panel","HDWR (High Density Water Resistant)","HMR-GP","8×4 ft (2440×1220mm)","18mm","15","80",""
"green-panel-hdwr-high-density-water-resistant-hmr-gp-grade","MDF and HDHMR","Green Panel","HDWR (High Density Water Resistant)","HMR-GP","8×4 ft (2440×1220mm)","25mm","15","80",""
"green-panel-hdwr-high-density-water-resistant-hmr-gp-grade","MDF and HDHMR","Green Panel","HDWR (High Density Water Resistant)","HMR-GP","8×4 ft (2440×1220mm)","30mm","15","80",""
"green-panel-interior-mdf-reg-grade-reg-grade","MDF and HDHMR","Green Panel","Interior MDF (REG Grade)","REG","8×4 ft (2440×1220mm)","1.7mm","6","52",""
"green-panel-interior-mdf-reg-grade-reg-grade","MDF and HDHMR","Green Panel","Interior MDF (REG Grade)","REG","8×4 ft (2440×1220mm)","1.9mm","6","52",""
"green-panel-interior-mdf-reg-grade-reg-grade","MDF and HDHMR","Green Panel","Interior MDF (REG Grade)","REG","8×4 ft (2440×1220mm)","2.1mm","6","52",""
"green-panel-interior-mdf-reg-grade-reg-grade","MDF and HDHMR","Green Panel","Interior MDF (REG Grade)","REG","8×4 ft (2440×1220mm)","2.7mm","6","52",""
"green-panel-interior-mdf-reg-grade-reg-grade","MDF and HDHMR","Green Panel","Interior MDF (REG Grade)","REG","8×4 ft (2440×1220mm)","3.3mm","6","52",""
"green-panel-interior-mdf-reg-grade-reg-grade","MDF and HDHMR","Green Panel","Interior MDF (REG Grade)","REG","8×4 ft (2440×1220mm)","4mm","6","52",""
"green-panel-interior-mdf-reg-grade-reg-grade","MDF and HDHMR","Green Panel","Interior MDF (REG Grade)","REG","8×4 ft (2440×1220mm)","4.6mm","6","52",""
"green-panel-interior-mdf-reg-grade-reg-grade","MDF and HDHMR","Green Panel","Interior MDF (REG Grade)","REG","8×4 ft (2440×1220mm)","5.5mm","6","52",""
"green-panel-interior-mdf-reg-grade-reg-grade","MDF and HDHMR","Green Panel","Interior MDF (REG Grade)","REG","8×4 ft (2440×1220mm)","7mm","6","52",""
"green-panel-interior-mdf-reg-grade-reg-grade","MDF and HDHMR","Green Panel","Interior MDF (REG Grade)","REG","8×4 ft (2440×1220mm)","7.3mm","6","52",""
"green-panel-interior-mdf-reg-grade-reg-grade","MDF and HDHMR","Green Panel","Interior MDF (REG Grade)","REG","8×4 ft (2440×1220mm)","9.75mm","6","52",""
"green-panel-interior-mdf-reg-grade-reg-grade","MDF and HDHMR","Green Panel","Interior MDF (REG Grade)","REG","8×4 ft (2440×1220mm)","11mm","6","52",""
"green-panel-interior-mdf-reg-grade-reg-grade","MDF and HDHMR","Green Panel","Interior MDF (REG Grade)","REG","8×4 ft (2440×1220mm)","14.5mm","6","52",""
"green-panel-interior-mdf-reg-grade-reg-grade","MDF and HDHMR","Green Panel","Interior MDF (REG Grade)","REG","8×4 ft (2440×1220mm)","16mm","6","52",""
"green-panel-interior-mdf-reg-grade-reg-grade","MDF and HDHMR","Green Panel","Interior MDF (REG Grade)","REG","8×4 ft (2440×1220mm)","16.5mm","6","52",""
"green-panel-interior-mdf-reg-grade-reg-grade","MDF and HDHMR","Green Panel","Interior MDF (REG Grade)","REG","8×4 ft (2440×1220mm)","17mm","6","52",""
"green-panel-interior-mdf-reg-grade-reg-grade","MDF and HDHMR","Green Panel","Interior MDF (REG Grade)","REG","8×4 ft (2440×1220mm)","18mm","6","52",""
"green-panel-interior-mdf-reg-grade-reg-grade","MDF and HDHMR","Green Panel","Interior MDF (REG Grade)","REG","8×4 ft (2440×1220mm)","25mm","6","52",""
"green-panel-interior-mdf-reg-grade-reg-grade","MDF and HDHMR","Green Panel","Interior MDF (REG Grade)","REG","8×4 ft (2440×1220mm)","30mm","6","52",""
"relwood-board","NFC Boards","RelWOOD","RelWOOD Board","","8×4 ft (2440×1220mm)","4.5mm","68","175",""
"relwood-board","NFC Boards","RelWOOD","RelWOOD Board","","8×4 ft (2440×1220mm)","5mm","68","175",""
"relwood-board","NFC Boards","RelWOOD","RelWOOD Board","","8×4 ft (2440×1220mm)","6mm","68","175",""
"relwood-board","NFC Boards","RelWOOD","RelWOOD Board","","8×4 ft (2440×1220mm)","8mm","68","175",""
"relwood-board","NFC Boards","RelWOOD","RelWOOD Board","","8×4 ft (2440×1220mm)","10mm","68","175",""
"relwood-board","NFC Boards","RelWOOD","RelWOOD Board","","8×4 ft (2440×1220mm)","12mm","68","175",""
"relwood-board","NFC Boards","RelWOOD","RelWOOD Board","","8×4 ft (2440×1220mm)","16mm","68","175",""
"relwood-board","NFC Boards","RelWOOD","RelWOOD Board","","8×4 ft (2440×1220mm)","18mm","68","175",""
"relwood-board","NFC Boards","RelWOOD","RelWOOD Board","","8×4 ft (2440×1220mm)","20mm","68","175",""
"relwood-board","NFC Boards","RelWOOD","RelWOOD Board","","8×4 ft (2440×1220mm)","25mm","68","175",""
"austin-club-plus-ply","Plywood","Austin","Club Plus","STR","8×4 ft (2440×1220mm)","4mm","60","144",""
"austin-club-plus-ply","Plywood","Austin","Club Plus","STR","8×4 ft (2440×1220mm)","6mm","60","144",""
"austin-club-plus-ply","Plywood","Austin","Club Plus","STR","8×4 ft (2440×1220mm)","9mm","60","144",""
"austin-club-plus-ply","Plywood","Austin","Club Plus","STR","8×4 ft (2440×1220mm)","12mm","60","144",""
"austin-club-plus-ply","Plywood","Austin","Club Plus","STR","8×4 ft (2440×1220mm)","16mm","60","144",""
"austin-club-plus-ply","Plywood","Austin","Club Plus","STR","8×4 ft (2440×1220mm)","19mm","60","144",""
"austin-club-plus-ply","Plywood","Austin","Club Plus","STR","8×4 ft (2440×1220mm)","25mm","60","144",""
"austin-gold-ply","Plywood","Austin","Gold","BWP","8×4 ft (2440×1220mm)","4mm","55","121",""
"austin-gold-ply","Plywood","Austin","Gold","BWP","8×4 ft (2440×1220mm)","6mm","55","121",""
"austin-gold-ply","Plywood","Austin","Gold","BWP","8×4 ft (2440×1220mm)","9mm","55","121",""
"austin-gold-ply","Plywood","Austin","Gold","BWP","8×4 ft (2440×1220mm)","12mm","55","121",""
"austin-gold-ply","Plywood","Austin","Gold","BWP","8×4 ft (2440×1220mm)","16mm","55","121",""
"austin-gold-ply","Plywood","Austin","Gold","BWP","8×4 ft (2440×1220mm)","19mm","55","121",""
"austin-gold-ply","Plywood","Austin","Gold","BWP","8×4 ft (2440×1220mm)","25mm","55","121",""
"austin-lincoln-710-ply","Plywood","Austin","Lincoln 710","BWP","8×4 ft (2440×1220mm)","4mm","52","102",""
"austin-lincoln-710-ply","Plywood","Austin","Lincoln 710","BWP","8×4 ft (2440×1220mm)","6mm","52","102",""
"austin-lincoln-710-ply","Plywood","Austin","Lincoln 710","BWP","8×4 ft (2440×1220mm)","9mm","52","102",""
"austin-lincoln-710-ply","Plywood","Austin","Lincoln 710","BWP","8×4 ft (2440×1220mm)","12mm","52","102",""
"austin-lincoln-710-ply","Plywood","Austin","Lincoln 710","BWP","8×4 ft (2440×1220mm)","16mm","52","102",""
"austin-lincoln-710-ply","Plywood","Austin","Lincoln 710","BWP","8×4 ft (2440×1220mm)","19mm","52","102",""
"austin-lincoln-710-ply","Plywood","Austin","Lincoln 710","BWP","8×4 ft (2440×1220mm)","25mm","52","102",""
"austin-platinum-plus-ply","Plywood","Austin","Platinum Plus","BWP","8×4 ft (2440×1220mm)","4mm","64","166",""
"austin-platinum-plus-ply","Plywood","Austin","Platinum Plus","BWP","8×4 ft (2440×1220mm)","6mm","64","166",""
"austin-platinum-plus-ply","Plywood","Austin","Platinum Plus","BWP","8×4 ft (2440×1220mm)","9mm","64","166",""
"austin-platinum-plus-ply","Plywood","Austin","Platinum Plus","BWP","8×4 ft (2440×1220mm)","12mm","64","166",""
"austin-platinum-plus-ply","Plywood","Austin","Platinum Plus","BWP","8×4 ft (2440×1220mm)","16mm","64","166",""
"austin-platinum-plus-ply","Plywood","Austin","Platinum Plus","BWP","8×4 ft (2440×1220mm)","19mm","64","166",""
"austin-platinum-plus-ply","Plywood","Austin","Platinum Plus","BWP","8×4 ft (2440×1220mm)","25mm","64","166",""
"century-architect-ply-ply","Plywood","Century","Architect Ply","FR","8×4 ft (2440×1220mm)","4mm","71","179",""
"century-architect-ply-ply","Plywood","Century","Architect Ply","FR","8×4 ft (2440×1220mm)","6mm","71","179",""
"century-architect-ply-ply","Plywood","Century","Architect Ply","FR","8×4 ft (2440×1220mm)","9mm","71","179",""
"century-architect-ply-ply","Plywood","Century","Architect Ply","FR","8×4 ft (2440×1220mm)","12mm","71","179",""
"century-architect-ply-ply","Plywood","Century","Architect Ply","FR","8×4 ft (2440×1220mm)","16mm","71","179",""
"century-architect-ply-ply","Plywood","Century","Architect Ply","FR","8×4 ft (2440×1220mm)","19mm","71","179",""
"century-architect-ply-ply","Plywood","Century","Architect Ply","FR","8×4 ft (2440×1220mm)","25mm","71","179",""
"century-bond-shield-ply","Plywood","Century","Bond Shield","FR","8×4 ft (2440×1220mm)","4mm","51","117",""
"century-bond-shield-ply","Plywood","Century","Bond Shield","FR","8×4 ft (2440×1220mm)","6mm","51","117",""
"century-bond-shield-ply","Plywood","Century","Bond Shield","FR","8×4 ft (2440×1220mm)","9mm","51","117",""
"century-bond-shield-ply","Plywood","Century","Bond Shield","FR","8×4 ft (2440×1220mm)","12mm","51","117",""
"century-bond-shield-ply","Plywood","Century","Bond Shield","FR","8×4 ft (2440×1220mm)","16mm","51","117",""
"century-bond-shield-ply","Plywood","Century","Bond Shield","FR","8×4 ft (2440×1220mm)","19mm","51","117",""
"century-bond-shield-ply","Plywood","Century","Bond Shield","FR","8×4 ft (2440×1220mm)","25mm","51","117",""
"century-club-prime-ply","Plywood","Century","Club Prime","BWP","8×4 ft (2440×1220mm)","4mm","56","142",""
"century-club-prime-ply","Plywood","Century","Club Prime","BWP","8×4 ft (2440×1220mm)","6mm","56","142",""
"century-club-prime-ply","Plywood","Century","Club Prime","BWP","8×4 ft (2440×1220mm)","9mm","56","142",""
"century-club-prime-ply","Plywood","Century","Club Prime","BWP","8×4 ft (2440×1220mm)","12mm","56","142",""
"century-club-prime-ply","Plywood","Century","Club Prime","BWP","8×4 ft (2440×1220mm)","16mm","56","142",""
"century-club-prime-ply","Plywood","Century","Club Prime","BWP","8×4 ft (2440×1220mm)","19mm","56","142",""
"century-club-prime-ply","Plywood","Century","Club Prime","BWP","8×4 ft (2440×1220mm)","25mm","56","142",""
"century-sainik-710-ply","Plywood","Century","Sainik 710","BWR","8×4 ft (2440×1220mm)","4mm","40","103",""
"century-sainik-710-ply","Plywood","Century","Sainik 710","BWR","8×4 ft (2440×1220mm)","6mm","40","103",""
"century-sainik-710-ply","Plywood","Century","Sainik 710","BWR","8×4 ft (2440×1220mm)","9mm","40","103",""
"century-sainik-710-ply","Plywood","Century","Sainik 710","BWR","8×4 ft (2440×1220mm)","12mm","40","103",""
"century-sainik-710-ply","Plywood","Century","Sainik 710","BWR","8×4 ft (2440×1220mm)","16mm","40","103",""
"century-sainik-710-ply","Plywood","Century","Sainik 710","BWR","8×4 ft (2440×1220mm)","19mm","40","103",""
"century-sainik-710-ply","Plywood","Century","Sainik 710","BWR","8×4 ft (2440×1220mm)","25mm","40","103",""
"century-sainik-mr-mr","Plywood","Century","Sainik MR","MR","8×4 ft (2440×1220mm)","4mm","33","89",""
"century-sainik-mr-mr","Plywood","Century","Sainik MR","MR","8×4 ft (2440×1220mm)","6mm","33","89",""
"century-sainik-mr-mr","Plywood","Century","Sainik MR","MR","8×4 ft (2440×1220mm)","9mm","33","89",""
"century-sainik-mr-mr","Plywood","Century","Sainik MR","MR","8×4 ft (2440×1220mm)","12mm","33","89",""
"century-sainik-mr-mr","Plywood","Century","Sainik MR","MR","8×4 ft (2440×1220mm)","16mm","33","89",""
"century-sainik-mr-mr","Plywood","Century","Sainik MR","MR","8×4 ft (2440×1220mm)","19mm","33","89",""
"century-sainik-mr-mr","Plywood","Century","Sainik MR","MR","8×4 ft (2440×1220mm)","25mm","33","89",""
"eightbyfour-commercial-plywood-mr","Plywood","EightByFour","Kerala Hardwood - Commercial MR","MR","","6mm","38","55",""
"eightbyfour-commercial-plywood-mr","Plywood","EightByFour","Kerala Hardwood - Commercial MR","MR","","8mm","38","55",""
"eightbyfour-commercial-plywood-mr","Plywood","EightByFour","Kerala Hardwood - Commercial MR","MR","","12mm","38","55",""
"eightbyfour-commercial-plywood-mr","Plywood","EightByFour","Kerala Hardwood - Commercial MR","MR","","18mm","38","55",""
"green-panel-bwp-bwp","Plywood","Green Panel","BWP","BWP","8×4 ft (2440×1220mm)","4mm","47","119",""
"green-panel-bwp-bwp","Plywood","Green Panel","BWP","BWP","8×4 ft (2440×1220mm)","6mm","47","119",""
"green-panel-bwp-bwp","Plywood","Green Panel","BWP","BWP","8×4 ft (2440×1220mm)","9mm","47","119",""
"green-panel-bwp-bwp","Plywood","Green Panel","BWP","BWP","8×4 ft (2440×1220mm)","12mm","47","119",""
"green-panel-bwp-bwp","Plywood","Green Panel","BWP","BWP","8×4 ft (2440×1220mm)","16mm","47","119",""
"green-panel-bwp-bwp","Plywood","Green Panel","BWP","BWP","8×4 ft (2440×1220mm)","19mm","47","119",""
"green-panel-bwp-bwp","Plywood","Green Panel","BWP","BWP","8×4 ft (2440×1220mm)","25mm","47","119",""
"green-panel-club-ply","Plywood","Green Panel","Club","STR","8×4 ft (2440×1220mm)","4mm","54","146",""
"green-panel-club-ply","Plywood","Green Panel","Club","STR","8×4 ft (2440×1220mm)","6mm","54","146",""
"green-panel-club-ply","Plywood","Green Panel","Club","STR","8×4 ft (2440×1220mm)","9mm","54","146",""
"green-panel-club-ply","Plywood","Green Panel","Club","STR","8×4 ft (2440×1220mm)","12mm","54","146",""
"green-panel-club-ply","Plywood","Green Panel","Club","STR","8×4 ft (2440×1220mm)","16mm","54","146",""
"green-panel-club-ply","Plywood","Green Panel","Club","STR","8×4 ft (2440×1220mm)","19mm","54","146",""
"green-panel-club-ply","Plywood","Green Panel","Club","STR","8×4 ft (2440×1220mm)","25mm","54","146",""
"green-panel-firex-ply","Plywood","Green Panel","Firex","FR","8×4 ft (2440×1220mm)","4mm","53","131",""
"green-panel-firex-ply","Plywood","Green Panel","Firex","FR","8×4 ft (2440×1220mm)","6mm","53","131",""
"green-panel-firex-ply","Plywood","Green Panel","Firex","FR","8×4 ft (2440×1220mm)","9mm","53","131",""
"green-panel-firex-ply","Plywood","Green Panel","Firex","FR","8×4 ft (2440×1220mm)","12mm","53","131",""
"green-panel-firex-ply","Plywood","Green Panel","Firex","FR","8×4 ft (2440×1220mm)","16mm","53","131",""
"green-panel-firex-ply","Plywood","Green Panel","Firex","FR","8×4 ft (2440×1220mm)","19mm","53","131",""
"green-panel-firex-ply","Plywood","Green Panel","Firex","FR","8×4 ft (2440×1220mm)","25mm","53","131",""
"green-panel-gold-bwp-bwp","Plywood","Green Panel","Gold - BWP","BWP","8×4 ft (2440×1220mm)","4mm","49","122",""
"green-panel-gold-bwp-bwp","Plywood","Green Panel","Gold - BWP","BWP","8×4 ft (2440×1220mm)","6mm","49","122",""
"green-panel-gold-bwp-bwp","Plywood","Green Panel","Gold - BWP","BWP","8×4 ft (2440×1220mm)","9mm","49","122",""
"green-panel-gold-bwp-bwp","Plywood","Green Panel","Gold - BWP","BWP","8×4 ft (2440×1220mm)","12mm","49","122",""
"green-panel-gold-bwp-bwp","Plywood","Green Panel","Gold - BWP","BWP","8×4 ft (2440×1220mm)","16mm","49","122",""
"green-panel-gold-bwp-bwp","Plywood","Green Panel","Gold - BWP","BWP","8×4 ft (2440×1220mm)","19mm","49","122",""
"green-panel-gold-bwp-bwp","Plywood","Green Panel","Gold - BWP","BWP","8×4 ft (2440×1220mm)","25mm","49","122",""
"green-panel-gold-mr-mr","Plywood","Green Panel","Gold - MR","MR","8×4 ft (2440×1220mm)","4mm","37","106",""
"green-panel-gold-mr-mr","Plywood","Green Panel","Gold - MR","MR","8×4 ft (2440×1220mm)","6mm","37","106",""
"green-panel-gold-mr-mr","Plywood","Green Panel","Gold - MR","MR","8×4 ft (2440×1220mm)","9mm","37","106",""
"green-panel-gold-mr-mr","Plywood","Green Panel","Gold - MR","MR","8×4 ft (2440×1220mm)","12mm","37","106",""
"green-panel-gold-mr-mr","Plywood","Green Panel","Gold - MR","MR","8×4 ft (2440×1220mm)","16mm","37","106",""
"green-panel-gold-mr-mr","Plywood","Green Panel","Gold - MR","MR","8×4 ft (2440×1220mm)","19mm","37","106",""
"green-panel-gold-mr-mr","Plywood","Green Panel","Gold - MR","MR","8×4 ft (2440×1220mm)","25mm","37","106",""
"green-panel-mr-mr","Plywood","Green Panel","MR","MR","8×4 ft (2440×1220mm)","4mm","36","103",""
"green-panel-mr-mr","Plywood","Green Panel","MR","MR","8×4 ft (2440×1220mm)","6mm","36","103",""
"green-panel-mr-mr","Plywood","Green Panel","MR","MR","8×4 ft (2440×1220mm)","9mm","36","103",""
"green-panel-mr-mr","Plywood","Green Panel","MR","MR","8×4 ft (2440×1220mm)","12mm","36","103",""
"green-panel-mr-mr","Plywood","Green Panel","MR","MR","8×4 ft (2440×1220mm)","16mm","36","103",""
"green-panel-mr-mr","Plywood","Green Panel","MR","MR","8×4 ft (2440×1220mm)","19mm","36","103",""
"green-panel-mr-mr","Plywood","Green Panel","MR","MR","8×4 ft (2440×1220mm)","25mm","36","103",""
"greenply-green-bwp-710-bwp","Plywood","Greenply","Green BWP 710","BWP","8×4 ft (2440×1220mm)","4mm","","",""
"greenply-green-bwp-710-bwp","Plywood","Greenply","Green BWP 710","BWP","8×4 ft (2440×1220mm)","6mm","","",""
"greenply-green-bwp-710-bwp","Plywood","Greenply","Green BWP 710","BWP","8×4 ft (2440×1220mm)","9mm","","",""
"greenply-green-bwp-710-bwp","Plywood","Greenply","Green BWP 710","BWP","8×4 ft (2440×1220mm)","12mm","","",""
"greenply-green-bwp-710-bwp","Plywood","Greenply","Green BWP 710","BWP","8×4 ft (2440×1220mm)","16mm","","",""
"greenply-green-bwp-710-bwp","Plywood","Greenply","Green BWP 710","BWP","8×4 ft (2440×1220mm)","19mm","","",""
"greenply-green-bwp-710-bwp","Plywood","Greenply","Green BWP 710","BWP","8×4 ft (2440×1220mm)","25mm","","",""
"greenply-green-club-ply","Plywood","Greenply","Green Club","BWP","8×4 ft (2440×1220mm)","4mm","","",""
"greenply-green-club-ply","Plywood","Greenply","Green Club","BWP","8×4 ft (2440×1220mm)","6mm","","",""
"greenply-green-club-ply","Plywood","Greenply","Green Club","BWP","8×4 ft (2440×1220mm)","9mm","","",""
"greenply-green-club-ply","Plywood","Greenply","Green Club","BWP","8×4 ft (2440×1220mm)","12mm","","",""
"greenply-green-club-ply","Plywood","Greenply","Green Club","BWP","8×4 ft (2440×1220mm)","16mm","","",""
"greenply-green-club-ply","Plywood","Greenply","Green Club","BWP","8×4 ft (2440×1220mm)","19mm","","",""
"greenply-green-club-ply","Plywood","Greenply","Green Club","BWP","8×4 ft (2440×1220mm)","25mm","","",""
"greenply-green-gold-ply","Plywood","Greenply","Green Gold","BWP","8×4 ft (2440×1220mm)","4mm","","",""
"greenply-green-gold-ply","Plywood","Greenply","Green Gold","BWP","8×4 ft (2440×1220mm)","6mm","","",""
"greenply-green-gold-ply","Plywood","Greenply","Green Gold","BWP","8×4 ft (2440×1220mm)","9mm","","",""
"greenply-green-gold-ply","Plywood","Greenply","Green Gold","BWP","8×4 ft (2440×1220mm)","12mm","","",""
"greenply-green-gold-ply","Plywood","Greenply","Green Gold","BWP","8×4 ft (2440×1220mm)","16mm","","",""
"greenply-green-gold-ply","Plywood","Greenply","Green Gold","BWP","8×4 ft (2440×1220mm)","19mm","","",""
"greenply-green-gold-ply","Plywood","Greenply","Green Gold","BWP","8×4 ft (2440×1220mm)","25mm","","",""
"greenply-green-platinum-ply","Plywood","Greenply","Green Platinum","BWP","8×4 ft (2440×1220mm)","4mm","","",""
"greenply-green-platinum-ply","Plywood","Greenply","Green Platinum","BWP","8×4 ft (2440×1220mm)","6mm","","",""
"greenply-green-platinum-ply","Plywood","Greenply","Green Platinum","BWP","8×4 ft (2440×1220mm)","9mm","","",""
"greenply-green-platinum-ply","Plywood","Greenply","Green Platinum","BWP","8×4 ft (2440×1220mm)","12mm","","",""
"greenply-green-platinum-ply","Plywood","Greenply","Green Platinum","BWP","8×4 ft (2440×1220mm)","16mm","","",""
"greenply-green-platinum-ply","Plywood","Greenply","Green Platinum","BWP","8×4 ft (2440×1220mm)","19mm","","",""
"greenply-green-platinum-ply","Plywood","Greenply","Green Platinum","BWP","8×4 ft (2440×1220mm)","25mm","","",""
"greenply-optima-g-710-ply","Plywood","Greenply","Optima G 710","BWP","8×4 ft (2440×1220mm)","4mm","","",""
"greenply-optima-g-710-ply","Plywood","Greenply","Optima G 710","BWP","8×4 ft (2440×1220mm)","6mm","","",""
"greenply-optima-g-710-ply","Plywood","Greenply","Optima G 710","BWP","8×4 ft (2440×1220mm)","9mm","","",""
"greenply-optima-g-710-ply","Plywood","Greenply","Optima G 710","BWP","8×4 ft (2440×1220mm)","12mm","","",""
"greenply-optima-g-710-ply","Plywood","Greenply","Optima G 710","BWP","8×4 ft (2440×1220mm)","16mm","","",""
"greenply-optima-g-710-ply","Plywood","Greenply","Optima G 710","BWP","8×4 ft (2440×1220mm)","19mm","","",""
"greenply-optima-g-710-ply","Plywood","Greenply","Optima G 710","BWP","8×4 ft (2440×1220mm)","25mm","","",""
"mikasa-fire-guardian-ply","Plywood","Mikasa","Fire Guardian","FR","8×4 ft (2440×1220mm)","4mm","","",""
"mikasa-fire-guardian-ply","Plywood","Mikasa","Fire Guardian","FR","8×4 ft (2440×1220mm)","6mm","","",""
"mikasa-fire-guardian-ply","Plywood","Mikasa","Fire Guardian","FR","8×4 ft (2440×1220mm)","9mm","","",""
"mikasa-fire-guardian-ply","Plywood","Mikasa","Fire Guardian","FR","8×4 ft (2440×1220mm)","12mm","","",""
"mikasa-fire-guardian-ply","Plywood","Mikasa","Fire Guardian","FR","8×4 ft (2440×1220mm)","16mm","","",""
"mikasa-fire-guardian-ply","Plywood","Mikasa","Fire Guardian","FR","8×4 ft (2440×1220mm)","19mm","","",""
"mikasa-fire-guardian-ply","Plywood","Mikasa","Fire Guardian","FR","8×4 ft (2440×1220mm)","25mm","","",""
"mikasa-marine-blue-ply","Plywood","Mikasa","Marine Blue","BWP","8×4 ft (2440×1220mm)","4mm","","",""
"mikasa-marine-blue-ply","Plywood","Mikasa","Marine Blue","BWP","8×4 ft (2440×1220mm)","6mm","","",""
"mikasa-marine-blue-ply","Plywood","Mikasa","Marine Blue","BWP","8×4 ft (2440×1220mm)","9mm","","",""
"mikasa-marine-blue-ply","Plywood","Mikasa","Marine Blue","BWP","8×4 ft (2440×1220mm)","12mm","","",""
"mikasa-marine-blue-ply","Plywood","Mikasa","Marine Blue","BWP","8×4 ft (2440×1220mm)","16mm","","",""
"mikasa-marine-blue-ply","Plywood","Mikasa","Marine Blue","BWP","8×4 ft (2440×1220mm)","19mm","","",""
"mikasa-marine-blue-ply","Plywood","Mikasa","Marine Blue","BWP","8×4 ft (2440×1220mm)","25mm","","",""
"mikasa-mr-mr","Plywood","Mikasa","MR+","MR","8×4 ft (2440×1220mm)","4mm","","",""
"mikasa-mr-mr","Plywood","Mikasa","MR+","MR","8×4 ft (2440×1220mm)","6mm","","",""
"mikasa-mr-mr","Plywood","Mikasa","MR+","MR","8×4 ft (2440×1220mm)","8mm","","",""
"mikasa-mr-mr","Plywood","Mikasa","MR+","MR","8×4 ft (2440×1220mm)","12mm","","",""
"mikasa-mr-mr","Plywood","Mikasa","MR+","MR","8×4 ft (2440×1220mm)","16mm","","",""
"mikasa-mr-mr","Plywood","Mikasa","MR+","MR","8×4 ft (2440×1220mm)","18mm","","",""
"mikasa-mr-mr","Plywood","Mikasa","MR+","MR","8×4 ft (2440×1220mm)","25mm","","",""
"mikasa-sapphire-ply","Plywood","Mikasa","Sapphire","STR","8×4 ft (2440×1220mm)","4mm","","",""
"mikasa-sapphire-ply","Plywood","Mikasa","Sapphire","STR","8×4 ft (2440×1220mm)","6mm","","",""
"mikasa-sapphire-ply","Plywood","Mikasa","Sapphire","STR","8×4 ft (2440×1220mm)","9mm","","",""
"mikasa-sapphire-ply","Plywood","Mikasa","Sapphire","STR","8×4 ft (2440×1220mm)","12mm","","",""
"mikasa-sapphire-ply","Plywood","Mikasa","Sapphire","STR","8×4 ft (2440×1220mm)","16mm","","",""
"mikasa-sapphire-ply","Plywood","Mikasa","Sapphire","STR","8×4 ft (2440×1220mm)","19mm","","",""
"mikasa-sapphire-ply","Plywood","Mikasa","Sapphire","STR","8×4 ft (2440×1220mm)","25mm","","",""
"wigwam-excel-fr-fr","Plywood","Wigwam Excel","Wigwam Excel BWP FR (Fire Resistant)","FR","8×4 ft (2440×1220mm)","4mm","65","130",""
"wigwam-excel-fr-fr","Plywood","Wigwam Excel","Wigwam Excel BWP FR (Fire Resistant)","FR","8×4 ft (2440×1220mm)","6mm","65","130",""
"wigwam-excel-fr-fr","Plywood","Wigwam Excel","Wigwam Excel BWP FR (Fire Resistant)","FR","8×4 ft (2440×1220mm)","9mm","65","130",""
"wigwam-excel-fr-fr","Plywood","Wigwam Excel","Wigwam Excel BWP FR (Fire Resistant)","FR","8×4 ft (2440×1220mm)","12mm","65","130",""
"wigwam-excel-fr-fr","Plywood","Wigwam Excel","Wigwam Excel BWP FR (Fire Resistant)","FR","8×4 ft (2440×1220mm)","16mm","65","130",""
"wigwam-excel-fr-fr","Plywood","Wigwam Excel","Wigwam Excel BWP FR (Fire Resistant)","FR","8×4 ft (2440×1220mm)","19mm","65","130",""
"wigwam-excel-fr-fr","Plywood","Wigwam Excel","Wigwam Excel BWP FR (Fire Resistant)","FR","8×4 ft (2440×1220mm)","25mm","65","130",""
"wigwam-excel-mr-mr","Plywood","Wigwam Excel","Wigwam Excel MR","MR","8×4 ft (2440×1220mm)","4mm","50","115",""
"wigwam-excel-mr-mr","Plywood","Wigwam Excel","Wigwam Excel MR","MR","8×4 ft (2440×1220mm)","6mm","50","115",""
"wigwam-excel-mr-mr","Plywood","Wigwam Excel","Wigwam Excel MR","MR","8×4 ft (2440×1220mm)","9mm","50","115",""
"wigwam-excel-mr-mr","Plywood","Wigwam Excel","Wigwam Excel MR","MR","8×4 ft (2440×1220mm)","12mm","50","115",""
"wigwam-excel-mr-mr","Plywood","Wigwam Excel","Wigwam Excel MR","MR","8×4 ft (2440×1220mm)","16mm","50","115",""
"wigwam-excel-mr-mr","Plywood","Wigwam Excel","Wigwam Excel MR","MR","8×4 ft (2440×1220mm)","19mm","50","115",""
"wigwam-excel-mr-mr","Plywood","Wigwam Excel","Wigwam Excel MR","MR","8×4 ft (2440×1220mm)","25mm","50","115",""